filename,protospacer_simpson,protospacer_shannon,protospacer_gini,protospacer_redundancy,protospacer_recovery_rate,protospacer_efficiency_rate
shuffle.csv,0.011363472075640813,0.05975755914562869,0.7442965779467681,131.5,0.0006665555740709882,1.0
M1-lib.csv,0.9978371371388007,8.999388030104058,0.13733930921237603,1.1843065693430657,0.09131811364772538,1.0
M2-lib.csv,0.9963946362858869,8.463565513908323,0.3034612446377152,1.6643356643356644,0.07148808531911348,1.0
