filename,protospacer_simpson,protospacer_shannon,protospacer_gini,protospacer_redundancy,protospacer_recovery_rate,protospacer_efficiency_rate
shuffle.csv,0.011363472075640813,0.05975755914562869,0.7442965779467681,131.5,0.0006665555740709882,1.0
M1-lib.csv,0.9978323888119923,8.998632675719353,0.1373842970094361,1.1843065693430657,0.09131811364772538,1.0
M2-lib.csv,0.9963514817691782,8.459652366121947,0.3053416715523418,1.6604651162790698,0.07165472421263124,1.0
